first_name,last_name,email,gender,ip_address
Filide,Beynke,fbeynke0@parallels.com,Female,252.55.154.238
Moreen,Cordey,mcordey1@mac.com,Female,134.22.2.169
Emile,Self,eself2@fotki.com,Male,51.165.183.218
Florina,Greenway,fgreenway3@omniture.com,Male,241.47.209.220
Alleyn,Cason,acason4@exblog.jp,Female,46.35.221.90
Tanya,Boys,tboys5@tiny.cc,Female,133.125.91.85
Freemon,Chopping,fchopping6@ameblo.jp,Female,87.12.121.157
Ariel,Edison,aedison7@cornell.edu,Female,182.32.200.5
Arluene,Stirzaker,astirzaker8@nifty.com,Female,73.187.28.135
Alfred,Berrygun,aberrygun9@delicious.com,Male,161.200.76.244
Myrwyn,Packham,mpackhama@ibm.com,Female,147.83.199.247
Brandais,Srutton,,Male,70.113.46.207
Derek,Tyres,dtyresc@bbb.org,Female,13.129.189.168
Charlean,Foulser,cfoulserd@sina.com.cn,Male,136.170.82.111
Stephani,Cowtherd,,Male,203.13.117.123
Verla,O' Molan,vomolanf@surveymonkey.com,Female,10.158.191.54
Tanney,Stothard,tstothardg@mail.ru,Male,31.214.97.81
Lana,Pimmocke,lpimmockeh@vimeo.com,Male,193.59.231.22
Shayna,Kepe,skepei@hao123.com,Female,207.69.75.218
Tades,Zannetti,tzannettij@mozilla.org,Male,123.82.193.76
Calhoun,Varty,cvartyk@shareasale.com,Female,110.150.56.218
Shanta,Whitely,swhitelyl@ow.ly,Male,109.55.230.102
Carrie,Temperton,ctempertonm@bbc.co.uk,Female,187.24.245.119
Brock,Guillet,bguilletn@google.pl,Female,220.192.95.205
Blinnie,McCane,bmccaneo@shop-pro.jp,Male,200.160.104.136
Irene,Filimore,ifilimorep@hhs.gov,Female,17.31.200.152
Rodge,Maass,rmaassq@chronoengine.com,Male,51.97.173.146
Ashlee,Drakes,adrakesr@unc.edu,Female,92.37.72.132
Torre,Aubray,taubrays@globo.com,Male,46.142.101.69
Jenn,Biesterfeld,jbiesterfeldt@noaa.gov,Female,0.180.213.121
Tobye,Barabisch,tbarabischu@people.com.cn,Male,119.112.70.55
Rafaello,Turrell,rturrellv@homestead.com,Male,177.175.6.181
Eydie,Cotterell,ecotterellw@comsenz.com,Female,68.210.220.81
Enos,Sommerlin,esommerlinx@narod.ru,Female,183.7.86.140
Guinna,Khilkov,gkhilkovy@omniture.com,Female,55.144.217.40
Aron,Crebo,acreboz@51.la,Female,16.202.240.132
Trefor,Leinster,tleinster10@fastcompany.com,Female,217.66.181.96
Renard,Sline,rsline11@w3.org,Male,186.40.121.76
Blondell,Goede,bgoede12@ehow.com,Female,43.61.164.9
Kip,Cobello,kcobello13@loc.gov,Female,173.219.45.207
Aliza,Dehmel,adehmel14@seesaa.net,Female,236.209.137.216
Michell,Galero,mgalero15@goodreads.com,Female,39.182.17.143
Francene,Teece,fteece16@cbc.ca,Female,218.161.185.0
Earl,Ollander,eollander17@smh.com.au,Male,128.5.142.165
Derwin,Moors,dmoors18@prweb.com,Male,129.96.103.155
Ardene,Primo,aprimo19@google.de,Female,119.172.128.48
Tynan,Matysiak,tmatysiak1a@symantec.com,Female,222.35.252.213
Trevor,Kadwallider,tkadwallider1b@phpbb.com,Female,103.42.95.64
Lanny,Gronaver,lgronaver1c@comcast.net,Female,216.64.42.235
Lauree,Garnar,lgarnar1d@netvibes.com,Male,68.66.236.105
Filippa,Musselwhite,fmusselwhite1e@soundcloud.com,Female,150.4.68.115
Laural,Ajean,lajean1f@census.gov,Male,136.33.187.211
Tracie,Whitnell,,Male,164.118.223.195
Daryl,Canacott,dcanacott1h@nymag.com,Male,
Brock,Dadswell,bdadswell1i@patch.com,Female,196.61.185.215
Jessamyn,Acey,jacey1j@nifty.com,Female,0.94.228.122
Allan,Witsey,awitsey1k@yandex.ru,Male,143.204.120.89
Yanaton,Brumwell,ybrumwell1l@auda.org.au,Male,224.60.187.102
Shermy,Wonter,swonter1m@guardian.co.uk,Male,21.247.198.82
Gilbertine,Druitt,gdruitt1n@acquirethisname.com,Female,213.194.144.73
Tate,Ellacott,tellacott1o@google.es,Female,14.187.112.149
Lela,Aluard,laluard1p@godaddy.com,Male,140.31.17.97
Emmy,Devers,edevers1q@pen.io,Female,4.137.221.149
Brendan,Davall,bdavall1r@reddit.com,Female,226.215.31.33
Madelin,McCloid,mmccloid1s@csmonitor.com,Male,5.44.178.140
Tanhya,Waything,twaything1t@sohu.com,Female,60.139.94.3
Faina,Lipmann,flipmann1u@fda.gov,Female,117.94.221.173
Felecia,Grevile,fgrevile1v@ft.com,Female,27.251.252.248
Derrik,Seyler,dseyler1w@utexas.edu,Female,120.226.135.238
Klement,Regnard,kregnard1x@accuweather.com,Female,94.27.81.211
Libbie,Dmitrievski,,Male,195.181.36.123
Doreen,Guillard,dguillard1z@eventbrite.com,Male,242.69.57.6
Janine,Gentric,jgentric20@jalbum.net,Female,211.131.176.21
Norma,Poyle,npoyle21@themeforest.net,Male,174.57.253.3
Keenan,Fancy,kfancy22@un.org,Female,195.98.213.195
Goober,Napton,gnapton23@archive.org,Female,228.203.183.90
Rosetta,Seedman,rseedman24@g.co,Male,110.192.235.86
Janela,Scantlebury,jscantlebury25@google.co.uk,Female,176.179.7.138
Marianna,Blonden,mblonden26@t-online.de,Female,192.177.26.44
Carlye,Carrabott,ccarrabott27@myspace.com,Female,243.158.221.81
Johnathan,Qualtrough,jqualtrough28@who.int,Female,109.254.202.46
Indira,Boldero,iboldero29@photobucket.com,Male,57.35.164.133
Deeann,Rickword,drickword2a@themeforest.net,Female,54.157.122.178
Saudra,Berendsen,sberendsen2b@who.int,Female,65.27.213.138
Karen,Brokenshaw,kbrokenshaw2c@europa.eu,Female,83.2.69.159
Lissa,Gother,lgother2d@java.com,Male,47.195.109.90
Constancia,Burren,,Male,101.56.28.184
Melba,Haggerston,mhaggerston2f@domainmarket.com,Male,99.154.114.18
Emili,Alliband,,Male,35.226.102.221
Phoebe,Waddie,pwaddie2h@hibu.com,Female,135.173.47.183
Ninnette,Vido,nvido2i@nsw.gov.au,Female,166.247.59.224
Abbey,Tanzer,atanzer2j@163.com,Female,173.249.181.207
Winthrop,McConnell,wmcconnell2k@is.gd,Female,2.165.155.184
Wenona,Whitecross,wwhitecross2l@tiny.cc,Male,208.71.75.82
Gustavo,Facey,gfacey2m@twitter.com,Female,187.228.94.70
Dyanna,Ruffell,druffell2n@state.tx.us,Male,120.241.191.41
Francklin,Lawther,flawther2o@imdb.com,Male,207.162.178.186
Marve,Volet,mvolet2p@unc.edu,Male,56.26.8.112
Zoe,Cutress,zcutress2q@wix.com,Male,113.193.157.13
Lenette,Colmore,lcolmore2r@webnode.com,Male,233.197.99.226
Ange,Ary,aary2s@hao123.com,Male,194.208.65.237
Jocelyn,Farbrace,jfarbrace2t@hhs.gov,Female,214.130.180.200
Fidelity,Balsdon,fbalsdon2u@huffingtonpost.com,Male,244.11.139.250
Deanne,Simonato,dsimonato2v@skype.com,Male,185.10.142.68
Amalia,Clemenceau,aclemenceau2w@photobucket.com,Female,191.103.78.18
Margaretha,Dillestone,mdillestone2x@google.com.hk,Female,154.125.125.145
Maisey,Bienvenu,mbienvenu2y@joomla.org,Male,173.12.209.62
Ailbert,Rusted,arusted2z@java.com,Male,29.114.85.75
Broderic,Risom,brisom30@slashdot.org,Male,188.96.159.151
Beale,Jelf,bjelf31@phoca.cz,Male,27.9.209.210
Kizzee,Figure,kfigure32@arstechnica.com,Female,94.11.227.63
Darnell,Huortic,dhuortic33@dell.com,Female,40.223.35.81
Noelle,Whetnell,nwhetnell34@disqus.com,Female,46.34.65.233
Babbie,Vezey,bvezey35@cornell.edu,Female,40.45.196.49
Aili,Baunton,abaunton36@theglobeandmail.com,Male,131.194.1.24
Margeaux,Bramer,mbramer37@hhs.gov,Female,
Yves,Fagan,yfagan38@exblog.jp,Female,200.13.71.230
Terese,Foxley,tfoxley39@cafepress.com,Male,204.158.175.221
Slade,Darington,sdarington3a@blinklist.com,Female,
Rowney,Summerhayes,rsummerhayes3b@instagram.com,Male,89.199.78.180
Gussi,Hamm,ghamm3c@mail.ru,Male,172.250.44.152
Gideon,Jellico,gjellico3d@macromedia.com,Female,231.226.18.217
Vonni,Laboune,vlaboune3e@a8.net,Female,99.138.111.146
Gerladina,Hills,ghills3f@wisc.edu,Male,99.143.11.190
Denny,Probyn,dprobyn3g@wiley.com,Male,15.104.80.170
Fawn,Maseyk,fmaseyk3h@engadget.com,Male,193.25.254.127
Frederique,Scolland,fscolland3i@storify.com,Female,17.233.95.222
Herrick,Bollins,hbollins3j@chron.com,Female,80.251.134.244
Jacquelynn,Aplin,japlin3k@whitehouse.gov,Female,67.1.44.20
Israel,Quarles,iquarles3l@github.com,Male,66.68.154.57
Arin,Jeste,ajeste3m@si.edu,Male,118.122.81.34
Jeremias,Tiebe,jtiebe3n@privacy.gov.au,Female,213.181.131.17
Nadia,Lummasana,nlummasana3o@devhub.com,Female,59.50.99.86
Oneida,Benkin,obenkin3p@fda.gov,Male,116.25.138.168
Jeanine,Titterington,jtitterington3q@google.cn,Male,170.101.128.168
Adamo,Matiasek,amatiasek3r@phpbb.com,Female,4.250.215.30
Deck,Druitt,ddruitt3s@usatoday.com,Female,48.209.56.144
Horst,Leydon,hleydon3t@cbslocal.com,Female,245.189.25.14
Oberon,Kilford,okilford3u@dion.ne.jp,Male,126.198.12.146
Dory,De Vaan,ddevaan3v@domainmarket.com,Male,158.175.3.108
Dorey,Casterton,dcasterton3w@berkeley.edu,Female,76.131.156.244
Bernelle,Karlowicz,bkarlowicz3x@chronoengine.com,Female,25.42.6.158
Tuesday,Whether,twhether3y@bigcartel.com,Female,195.186.87.91
Huntlee,Causton,hcauston3z@tmall.com,Male,54.253.198.108
Ravid,Furness,rfurness40@tumblr.com,Female,140.62.243.245
Darla,Grayley,dgrayley41@toplist.cz,Male,
Hagan,Runsey,hrunsey42@illinois.edu,Female,128.137.152.4
Margeaux,Moodie,mmoodie43@jimdo.com,Male,47.212.82.76
Cynthea,MacDonough,cmacdonough44@wordpress.com,Male,168.252.102.87
Becki,Lynch,,Male,62.73.33.110
Daryl,Rosenshine,drosenshine46@macromedia.com,Male,56.18.191.216
Chloette,Dudgeon,cdudgeon47@narod.ru,Male,
Murdock,Wastling,mwastling48@pen.io,Female,104.206.242.106
Mahmud,Bern,mbern49@weibo.com,Female,147.109.207.80
Elmo,Ringham,eringham4a@is.gd,Female,243.251.8.155
Paulie,Crutcher,pcrutcher4b@admin.ch,Male,
Kellyann,Pagram,kpagram4c@edublogs.org,Female,106.222.197.186
Darb,Lamlin,dlamlin4d@nydailynews.com,Female,
Marcus,Chasemore,mchasemore4e@ucla.edu,Female,145.86.179.250
Thibaut,Kleynen,,Male,165.203.88.212
Hope,Giamuzzo,hgiamuzzo4g@wordpress.org,Female,97.67.10.195
Paulette,Millership,pmillership4h@vkontakte.ru,Female,208.52.123.111
Marsha,Dagwell,mdagwell4i@amazon.com,Female,176.21.3.116
Krishnah,Broke,kbroke4j@buzzfeed.com,Female,134.17.227.52
Jermayne,Benns,jbenns4k@house.gov,Female,86.169.196.137
Maximilian,Rabat,mrabat4l@disqus.com,Female,
Shermy,Hebditch,shebditch4m@technorati.com,Male,50.7.33.243
Glen,Carress,gcarress4n@uol.com.br,Male,158.88.63.118
Freemon,Dwelley,fdwelley4o@economist.com,Male,76.54.39.124
Avis,Wolford,awolford4p@oaic.gov.au,Female,73.203.123.181
Oralla,McOrkill,omcorkill4q@stumbleupon.com,Male,179.92.104.13
Elisabeth,Simeonov,esimeonov4r@nature.com,Male,137.118.121.75
Lucilia,Haibel,lhaibel4s@purevolume.com,Male,147.21.137.87
Sarena,Mangham,smangham4t@usda.gov,Female,235.119.79.86
Alphard,Ketton,aketton4u@lulu.com,Male,153.108.26.40
Pattie,Easom,peasom4v@is.gd,Male,106.106.132.37
Tull,Furzer,tfurzer4w@dell.com,Male,46.14.158.101
Nariko,Musicka,nmusicka4x@ask.com,Male,12.222.91.59
Jeanne,Bish,jbish4y@so-net.ne.jp,Female,58.232.144.88
Mariejeanne,Dimond,mdimond4z@hubpages.com,Male,242.140.61.46
Hermia,Yelden,hyelden50@who.int,Male,172.91.121.47
Rutter,Eilhertsen,reilhertsen51@goo.gl,Male,164.34.2.97
Gerri,Kleingrub,gkleingrub52@geocities.com,Male,44.31.244.198
Helen-elizabeth,Swainsbury,hswainsbury53@irs.gov,Male,217.191.214.128
Judye,Glover,jglover54@rambler.ru,Female,178.28.46.74
Scot,Beacon,sbeacon55@house.gov,Male,189.118.200.243
Skyler,Throughton,sthroughton56@free.fr,Male,45.137.75.243
Pavla,Greenan,pgreenan57@dell.com,Female,242.52.235.3
Mercy,Allkins,mallkins58@mayoclinic.com,Female,45.112.250.33
Lenna,Breyt,lbreyt59@npr.org,Female,
Dyan,Escalera,descalera5a@pen.io,Male,190.251.246.126
Kristian,Opdenort,kopdenort5b@desdev.cn,Male,99.182.105.232
Rochester,Le Houx,rlehoux5c@disqus.com,Female,184.234.118.76
Allan,Keener,akeener5d@columbia.edu,Male,12.232.250.4
Maribeth,Dedon,mdedon5e@amazon.co.uk,Female,
Rey,Hinkes,rhinkes5f@wikipedia.org,Female,126.25.98.181
Dayle,Matthesius,dmatthesius5g@vk.com,Male,145.94.97.225
Erek,Portinari,eportinari5h@flickr.com,Female,165.174.107.89
Carolynn,Townsend,ctownsend5i@unesco.org,Male,108.87.140.73
Brianne,Rosenau,brosenau5j@histats.com,Male,249.210.46.86
Delia,Holleworth,dholleworth5k@dailymotion.com,Female,148.34.62.0
Tillie,Borham,tborham5l@surveymonkey.com,Male,44.155.83.115
Leonanie,Isitt,lisitt5m@wordpress.org,Female,128.22.118.192
Veda,Ashleigh,vashleigh5n@dagondesign.com,Female,74.24.220.125
Hester,Brody,hbrody5o@rambler.ru,Female,
Robbi,McIlrath,rmcilrath5p@delicious.com,Male,19.126.117.86
Charil,Limeburn,climeburn5q@marriott.com,Female,98.175.244.241
Gaby,Le Huquet,glehuquet5r@etsy.com,Female,152.214.115.83
Nickolaus,Blaxton,nblaxton5s@pagesperso-orange.fr,Female,175.10.210.254
Evelyn,Lettley,elettley5t@cafepress.com,Female,148.209.151.219
Katrine,Ullrich,kullrich5u@oaic.gov.au,Male,252.190.58.48
Yasmin,Boshere,yboshere5v@europa.eu,Male,126.51.239.155
Arlan,Farnish,afarnish5w@walmart.com,Male,35.145.220.183
Jodee,McCarron,jmccarron5x@skype.com,Male,
Penn,Blasiak,pblasiak5y@cdc.gov,Female,104.211.5.159
Milly,Arkill,markill5z@themeforest.net,Male,90.113.12.207
Darcee,Brimblecomb,dbrimblecomb60@spiegel.de,Female,162.231.24.1
Rorke,Mowday,rmowday61@godaddy.com,Male,140.116.27.8
Julian,Lambert-Ciorwyn,jlambertciorwyn62@umich.edu,Female,150.86.188.139
Mikel,Claughton,mclaughton63@discuz.net,Female,181.95.131.244
Godfree,Telega,gtelega64@tripod.com,Male,9.175.247.213
Bianka,Varley,bvarley65@paypal.com,Female,240.154.204.171
Benjamin,Scoterbosh,,Male,194.59.93.0
Lauren,Bohlje,lbohlje67@alexa.com,Male,228.209.156.233
Horatio,Hawtrey,hhawtrey68@webnode.com,Male,95.188.45.103
Carolyn,Bough,cbough69@nifty.com,Female,
Charyl,Rafferty,crafferty6a@issuu.com,Female,240.2.193.66
Heidi,Bernt,hbernt6b@blogs.com,Male,104.43.36.48
Bil,Heasly,bheasly6c@quantcast.com,Female,67.17.76.233
Valerie,Floyd,vfloyd6d@harvard.edu,Female,194.49.195.167
Francois,Clixby,fclixby6e@yahoo.com,Male,126.209.252.39
Renado,Barham,rbarham6f@globo.com,Female,
Cash,Ticehurst,cticehurst6g@opera.com,Female,198.26.65.33
Terza,Allwell,tallwell6h@cnet.com,Female,61.184.18.83
Shani,Shellard,sshellard6i@reuters.com,Male,252.115.118.105
Serene,Blurton,sblurton6j@multiply.com,Female,118.206.108.218
Berty,Kamiyama,bkamiyama6k@nps.gov,Female,2.35.93.2
Delmore,Skate,dskate6l@addtoany.com,Female,178.103.41.145
Don,Rive,drive6m@homestead.com,Male,152.73.139.217
Ilario,Bronger,ibronger6n@earthlink.net,Female,
Bat,Waite,bwaite6o@fc2.com,Male,214.191.235.46
Beverie,Brobak,bbrobak6p@earthlink.net,Male,90.96.56.195
Michelina,Littrell,mlittrell6q@stanford.edu,Male,98.243.116.206
Neysa,Winters,nwinters6r@toplist.cz,Male,73.237.116.186
Mario,Palluschek,mpalluschek6s@shop-pro.jp,Male,76.56.198.190
Lindy,Brockelsby,lbrockelsby6t@yandex.ru,Male,128.51.44.16
Ethyl,Bosman,ebosman6u@earthlink.net,Female,202.90.176.84
Cameron,Sprackling,csprackling6v@youku.com,Female,201.43.219.60
Seana,Battaille,sbattaille6w@oaic.gov.au,Male,52.141.96.50
Aline,O'Gleasane,aogleasane6x@imageshack.us,Male,123.122.119.117
Sophey,Edgeson,sedgeson6y@timesonline.co.uk,Male,109.148.240.194
Lem,Espinazo,lespinazo6z@sciencedaily.com,Female,172.217.186.13
Celia,Larvor,clarvor70@nymag.com,Female,202.184.40.231
Meryl,Corneljes,mcorneljes71@toplist.cz,Male,186.220.196.23
Michal,Solomon,msolomon72@wunderground.com,Female,189.111.61.209
Lyle,Langhor,llanghor73@chicagotribune.com,Female,43.8.6.18
Elga,Chedgey,echedgey74@wikispaces.com,Male,219.108.69.166
Phil,Halford,phalford75@bandcamp.com,Male,53.108.105.154
Latrena,Manifould,lmanifould76@paginegialle.it,Female,252.160.10.138
Catharine,Haire,chaire77@digg.com,Male,24.57.61.20
Ferrel,Gounet,fgounet78@macromedia.com,Male,23.5.183.164
Ruthanne,Erratt,rerratt79@woothemes.com,Female,112.60.238.39
Valencia,Fishpool,vfishpool7a@exblog.jp,Male,210.201.202.102
Zach,Cobbe,zcobbe7b@google.com,Male,228.247.147.234
Minnnie,Helian,mhelian7c@paypal.com,Female,141.227.191.8
Roderigo,Unwins,runwins7d@yandex.ru,Male,252.177.84.28
Bordy,Denerley,bdenerley7e@elpais.com,Female,235.249.25.57
Ira,Scales,iscales7f@nytimes.com,Female,169.28.175.207
Berte,Eakley,beakley7g@techcrunch.com,Male,195.8.176.204
Janean,Laverack,jlaverack7h@boston.com,Male,21.36.206.141
Hannah,Heinert,hheinert7i@washingtonpost.com,Female,181.218.67.211
Aylmer,Pruckner,apruckner7j@intel.com,Male,193.118.6.14
Gino,Scroggie,gscroggie7k@hud.gov,Male,60.89.191.136
Giralda,McOwan,gmcowan7l@squarespace.com,Female,199.209.21.218
Milli,McAusland,mmcausland7m@shutterfly.com,Female,102.173.64.43
Ricky,Breit,rbreit7n@seesaa.net,Female,62.176.130.80
Gwenneth,Gierck,ggierck7o@answers.com,Male,93.17.133.149
Chico,Wilcox,cwilcox7p@ameblo.jp,Male,57.41.146.88
Meggie,Late,mlate7q@ft.com,Male,110.18.162.253
Daveen,Marval,dmarval7r@360.cn,Female,190.119.204.22
Wilek,Edgeler,wedgeler7s@wikia.com,Male,68.86.182.15
Sax,Lelliott,slelliott7t@ucla.edu,Male,125.223.213.134
Myrtia,McVitie,mmcvitie7u@nbcnews.com,Female,86.81.174.236
Tiphani,Demougeot,tdemougeot7v@vk.com,Male,42.72.108.240
Humberto,Kilby,hkilby7w@tinyurl.com,Male,75.227.194.166
Etti,Halford,ehalford7x@people.com.cn,Female,126.198.24.179
Grace,Hillam,ghillam7y@ovh.net,Female,234.230.70.154
Jay,Furphy,jfurphy7z@pen.io,Male,38.199.59.241
Sonny,Mereweather,smereweather80@timesonline.co.uk,Male,120.237.236.124
Marsh,D'Abbot-Doyle,mdabbotdoyle81@soundcloud.com,Male,51.39.153.182
Petronella,Dreigher,pdreigher82@state.tx.us,Male,216.139.231.182
Holly-anne,Conyer,hconyer83@msn.com,Male,191.170.118.44
Baxie,Wohlers,bwohlers84@timesonline.co.uk,Male,118.136.66.229
Ninette,Geldart,,Female,13.74.65.84
Colleen,Linggard,clinggard86@theguardian.com,Male,9.189.199.12
Brett,Guidini,bguidini87@time.com,Female,178.27.9.89
Raimondo,Chisholme,rchisholme88@yellowbook.com,Male,182.81.184.123
Goran,Ronisch,gronisch89@cpanel.net,Male,178.41.132.196
Bunnie,Nutton,bnutton8a@biblegateway.com,Male,211.38.234.31
Mei,Jacquest,mjacquest8b@pinterest.com,Male,165.247.129.234
Alvinia,Saddler,asaddler8c@paginegialle.it,Female,231.67.175.174
Agnola,Mortell,amortell8d@webs.com,Male,110.11.101.173
Ody,Daintree,odaintree8e@who.int,Female,52.66.34.42
Whitby,MacGarrity,wmacgarrity8f@accuweather.com,Female,244.88.89.230
Kerrie,Gerckens,kgerckens8g@shinystat.com,Female,177.2.16.155
Melva,Doogue,mdoogue8h@accuweather.com,Male,206.140.183.216
Buck,Saura,bsaura8i@yellowpages.com,Male,214.208.183.251
Hew,Erwin,herwin8j@trellian.com,Male,67.117.64.50
Rodrick,Boller,rboller8k@mozilla.com,Male,17.239.241.48
Agnes,Downes,adownes8l@mit.edu,Male,248.44.201.45
Jolynn,Walenta,jwalenta8m@newsvine.com,Male,185.80.129.8
Wilfrid,Betjes,wbetjes8n@goodreads.com,Female,188.161.111.158
Wright,Burstow,wburstow8o@flavors.me,Female,50.9.151.62
Emanuel,Kuller,ekuller8p@thetimes.co.uk,Female,250.249.109.95
Denna,Lorking,dlorking8q@51.la,Female,
Hesther,Lornsen,hlornsen8r@toplist.cz,Male,179.249.49.1
Constancia,McDermid,cmcdermid8s@mysql.com,Male,107.46.107.185
Jone,Ferrino,jferrino8t@tinyurl.com,Male,98.5.136.252
Giorgia,Sizey,gsizey8u@xrea.com,Female,103.174.139.159
Jessika,Dallin,jdallin8v@ning.com,Male,251.119.147.20
Francene,Sarney,fsarney8w@paginegialle.it,Male,240.44.200.200
Ricca,Griffey,rgriffey8x@bigcartel.com,Male,236.177.43.97
Gladys,Yitzowitz,gyitzowitz8y@europa.eu,Male,91.170.34.25
Josie,Rabb,jrabb8z@sfgate.com,Female,167.66.100.178
Alard,Elverstone,aelverstone90@answers.com,Female,232.159.131.176
Theo,Narramor,tnarramor91@technorati.com,Female,154.73.11.66
Harley,Kreuzer,hkreuzer92@cmu.edu,Male,81.158.199.229
Alexia,Rackley,arackley93@gravatar.com,Female,234.239.185.239
Gerri,Snelgrove,gsnelgrove94@unesco.org,Male,93.23.46.52
Edmund,Sillis,esillis95@printfriendly.com,Male,47.114.72.80
Lanna,Mangeon,lmangeon96@unc.edu,Male,204.139.60.80
Glyn,Itzkovich,,Female,246.147.48.186
Heda,Truscott,htruscott98@mediafire.com,Female,81.53.12.22
Eddi,Jancar,ejancar99@technorati.com,Female,128.241.18.144
Ferrel,Lambin,flambin9a@cbc.ca,Male,229.158.65.130
Aurie,Collyns,acollyns9b@webmd.com,Female,101.153.158.234
Alecia,Lemery,alemery9c@e-recht24.de,Female,68.106.44.205
Min,Georgelin,mgeorgelin9d@youtube.com,Male,229.46.194.244
Harriot,Trotton,htrotton9e@ehow.com,Female,22.184.156.31
Silvester,Lourenco,slourenco9f@fotki.com,Female,3.130.250.132
Adaline,Riglar,ariglar9g@google.ru,Female,78.75.51.112
Judas,Emeney,jemeney9h@myspace.com,Male,38.15.14.229
Salim,Penburton,spenburton9i@blogtalkradio.com,Male,165.212.126.235
Tybalt,Isac,tisac9j@trellian.com,Female,38.225.63.245
Daffi,Revell,drevell9k@goodreads.com,Male,3.227.134.127
Jeniffer,Seydlitz,jseydlitz9l@nyu.edu,Female,255.135.152.30
Giraud,Woolfoot,gwoolfoot9m@youtu.be,Male,103.113.148.45
Ina,Dreus,idreus9n@illinois.edu,Female,226.237.217.101
Cammy,Heald,cheald9o@dropbox.com,Female,172.20.38.161
Austin,Alldred,aalldred9p@4shared.com,Female,253.240.145.35
Lorrin,Hounsham,lhounsham9q@domainmarket.com,Female,127.171.186.203
Giraldo,Renney,grenney9r@adobe.com,Male,241.180.135.225
Karia,Winley,kwinley9s@dagondesign.com,Male,5.129.17.239
Ally,Pimley,apimley9t@boston.com,Female,54.252.139.227
Rutter,Melonby,rmelonby9u@time.com,Male,20.65.220.183
Lauri,Furby,lfurby9v@google.com.hk,Male,21.235.169.162
Danni,Berling,dberling9w@newyorker.com,Female,80.35.238.44
Erny,Maggiori,emaggiori9x@cnn.com,Male,53.110.33.120
Goddart,Hopfner,ghopfner9y@squarespace.com,Male,98.101.230.37
Ada,Garci,agarci9z@java.com,Male,238.125.248.27
Siegfried,Albrighton,salbrightona0@accuweather.com,Female,62.157.184.161
Forster,Whinney,fwhinneya1@mail.ru,Male,
Husain,Cape,hcapea2@wiley.com,Female,223.128.89.249
Hugo,Yokelman,hyokelmana3@reference.com,Male,
Elbertine,Dugmore,edugmorea4@hp.com,Female,200.39.255.88
Daniela,Mansbridge,dmansbridgea5@nhs.uk,Female,28.135.176.50
Greg,Riccardi,griccardia6@forbes.com,Female,113.27.208.128
Kennith,Vreiberg,kvreiberga7@mayoclinic.com,Male,123.100.32.207
Marcela,Springtorpe,mspringtorpea8@trellian.com,Male,113.107.72.58
Nannie,Visco,nviscoa9@japanpost.jp,Female,53.229.4.103
Yves,Cereceres,ycereceresaa@meetup.com,Female,69.225.41.125
Averil,Tissiman,atissimanab@harvard.edu,Female,182.206.252.182
Cherise,Speers,cspeersac@indiegogo.com,Female,16.189.89.165
Preston,Snepp,psneppad@fc2.com,Female,126.80.30.151
Boot,Sacker,bsackerae@nih.gov,Male,59.104.73.151
Faulkner,Standbridge,fstandbridgeaf@dion.ne.jp,Male,111.103.2.167
Kip,Siemandl,ksiemandlag@newyorker.com,Male,31.148.174.254
Rowland,Plumridge,rplumridgeah@who.int,Male,72.45.41.190
Josefa,Blindmann,jblindmannai@ted.com,Male,150.16.124.46
Mimi,Jorez,mjorezaj@cbsnews.com,Male,58.144.241.75
Cale,Chishull,cchishullak@bigcartel.com,Male,184.17.29.225
Terrijo,Ruppert,truppertal@unblog.fr,Male,92.136.214.144
Jareb,Muddiman,jmuddimanam@ucoz.com,Female,
Ber,Strongman,bstrongmanan@springer.com,Male,
Dionisio,Corradengo,dcorradengoao@cpanel.net,Male,211.91.91.129
Bondy,Tradewell,btradewellap@pcworld.com,Male,198.183.70.172
Carole,Bollom,cbollomaq@weibo.com,Male,19.54.222.145
Raul,Tubritt,rtubrittar@latimes.com,Male,
Andrea,Handrek,ahandrekas@oakley.com,Female,98.189.207.232
Peggie,Chinn,pchinnat@seattletimes.com,Female,115.36.117.55
Barney,Carnson,bcarnsonau@discuz.net,Male,63.252.253.168
Tadio,Wilbraham,twilbrahamav@blinklist.com,Male,177.146.100.63
Engelbert,Staries,estariesaw@bbb.org,Male,179.156.117.68
Vilma,Hinz,vhinzax@uiuc.edu,Male,116.200.126.54
Hildegarde,Tomaszynski,htomaszynskiay@ovh.net,Female,61.171.112.232
Isa,Cauldwell,icauldwellaz@tuttocitta.it,Female,
Neal,Antao,nantaob0@histats.com,Male,
Jonathon,Howis,jhowisb1@bizjournals.com,Male,13.86.129.230
Matelda,Parres,mparresb2@unblog.fr,Female,146.214.144.58
Luelle,Hazelgreave,lhazelgreaveb3@umn.edu,Male,31.86.27.183
Flore,Fieldhouse,ffieldhouseb4@free.fr,Female,104.250.241.136
Quinlan,Rugieri,qrugierib5@webnode.com,Female,199.98.27.12
Isahella,Swigg,iswiggb6@unesco.org,Female,93.165.126.18
Tedman,Sails,tsailsb7@usatoday.com,Female,1.191.162.31
Andrei,Bulle,abulleb8@constantcontact.com,Female,15.131.237.216
Giacomo,Yokel,gyokelb9@cocolog-nifty.com,Female,247.217.201.207
Almira,Smallpeace,asmallpeaceba@amazon.com,Female,49.214.88.43
Kristine,Raittie,kraittiebb@webmd.com,Male,47.215.156.250
Selig,Kobpal,skobpalbc@example.com,Male,66.150.24.13
Curcio,Isitt,cisittbd@nps.gov,Female,29.21.34.162
Konstantin,Toll,ktollbe@utexas.edu,Female,194.232.42.205
Ambrosius,Fayerbrother,afayerbrotherbf@purevolume.com,Female,176.132.171.157
Marten,Castleman,mcastlemanbg@techcrunch.com,Female,109.136.106.233
Barry,Kovelmann,bkovelmannbh@acquirethisname.com,Male,194.32.22.118
Basilio,McGilmartin,bmcgilmartinbi@wordpress.com,Female,140.131.93.20
Sayer,Huleatt,shuleattbj@state.tx.us,Male,71.211.171.6
Zachary,Excell,zexcellbk@va.gov,Male,88.234.227.177
Cheryl,Iowarch,ciowarchbl@wikimedia.org,Male,71.3.178.28
Desiri,Heddy,dheddybm@berkeley.edu,Male,248.87.7.121
Brigida,Cottee,bcotteebn@oracle.com,Female,199.176.185.234
Caroljean,Cowern,ccowernbo@utexas.edu,Female,140.94.73.227
Timothea,Kubec,tkubecbp@seattletimes.com,Male,252.73.135.4
Brodie,Jakovijevic,bjakovijevicbq@spotify.com,Female,177.255.112.158
Walliw,Arend,warendbr@utexas.edu,Male,18.113.206.75
Ailis,Wood,awoodbs@auda.org.au,Male,6.8.82.154
Moritz,Fuentes,mfuentesbt@zdnet.com,Female,96.134.98.113
Alfie,Bellord,abellordbu@latimes.com,Female,
Clair,Jesson,cjessonbv@google.it,Female,14.190.142.64
Corbie,Reany,creanybw@rambler.ru,Male,122.171.36.151
Janey,Porcas,jporcasbx@dell.com,Male,139.158.234.164
Myrah,Bravey,mbraveyby@usgs.gov,Female,143.181.151.206
Leigh,McKnish,lmcknishbz@freewebs.com,Male,26.203.251.69
Craig,Pavkovic,cpavkovicc0@eepurl.com,Female,131.233.159.179
Omar,Pomphrett,opomphrettc1@webnode.com,Male,147.17.216.16
Gabby,Jeromson,gjeromsonc2@cargocollective.com,Male,128.44.51.250
Alessandro,Kalewe,akalewec3@engadget.com,Male,228.16.88.5
Dynah,Craister,dcraisterc4@soundcloud.com,Male,65.134.185.3
Ella,Gowan,egowanc5@globo.com,Male,210.182.44.66
Eleen,Laflin,elaflinc6@google.com.hk,Female,132.182.215.69
Adelle,Kores,akoresc7@printfriendly.com,Male,47.157.236.22
Fan,Kindleysides,,Female,97.14.117.113
Bjorn,Fairchild,bfairchildc9@biglobe.ne.jp,Male,91.51.179.255
Wernher,Dickie,wdickieca@zdnet.com,Female,149.89.172.0
Jamill,Titchmarsh,jtitchmarshcb@booking.com,Male,88.180.55.49
Bria,Abry,babrycc@discuz.net,Male,
Leila,Croughan,lcroughancd@google.pl,Female,124.204.212.147
Cob,Roisen,croisence@smugmug.com,Male,112.42.121.81
Vittoria,Townsley,vtownsleycf@bbb.org,Female,240.248.120.13
Gwendolin,Normanvill,gnormanvillcg@washington.edu,Female,127.120.39.235
Aloise,Gresty,agrestych@cmu.edu,Male,52.96.81.183
Antonia,Camolli,acamollici@huffingtonpost.com,Male,5.7.172.188
Christye,Lidell,clidellcj@salon.com,Male,255.210.145.28
Giorgia,Castellan,gcastellanck@cnet.com,Male,117.30.32.77
Barclay,Kermannes,bkermannescl@un.org,Male,231.118.76.33
Maria,Slimming,mslimmingcm@parallels.com,Male,244.92.55.246
Alexei,Fawdrie,afawdriecn@odnoklassniki.ru,Male,186.85.54.216
Myrvyn,Muston,mmustonco@furl.net,Female,117.227.244.20
Kristi,Ruddlesden,kruddlesdencp@wikimedia.org,Male,38.57.116.45
Ozzie,Vasyutochkin,ovasyutochkincq@howstuffworks.com,Male,122.71.194.146
Jewelle,Thumim,jthumimcr@amazonaws.com,Female,80.57.179.96
Ferdinand,McIleen,fmcileencs@techcrunch.com,Female,172.191.248.113
Shir,Jacquest,sjacquestct@creativecommons.org,Female,95.108.8.233
Abagail,Chevins,achevinscu@prweb.com,Female,52.178.34.235
Michel,Scotchmor,mscotchmorcv@barnesandnoble.com,Female,186.249.76.90
Jourdan,McIvor,jmcivorcw@oracle.com,Female,170.171.108.58
Jasper,Laver,jlavercx@time.com,Female,162.251.61.228
Ninnetta,Jacketts,njackettscy@wufoo.com,Female,86.106.242.230
Burl,Pietranek,bpietranekcz@vk.com,Female,
Donella,Greenough,dgreenoughd0@disqus.com,Male,103.250.61.124
Wenonah,Lindenboim,wlindenboimd1@irs.gov,Male,73.166.65.71
Niccolo,Storer,nstorerd2@nba.com,Female,100.164.115.66
Ermengarde,Chaimson,echaimsond3@cbc.ca,Female,225.178.64.37
Kahaleel,Solley,ksolleyd4@slashdot.org,Female,90.184.135.223
Earle,Whyley,ewhyleyd5@economist.com,Female,147.54.190.27
Madelon,McKew,mmckewd6@nsw.gov.au,Female,208.144.100.27
Ara,Twopenny,atwopennyd7@slate.com,Female,72.239.159.210
Goldia,Ewington,gewingtond8@columbia.edu,Male,62.65.220.235
Robbin,Ragsdale,rragsdaled9@qq.com,Female,92.7.147.157
Grove,Staite,gstaiteda@myspace.com,Female,64.44.117.54
Valerie,Shovlar,vshovlardb@hostgator.com,Female,99.45.148.101
Sylas,Hagan,shagandc@ehow.com,Male,66.190.218.231
Clemmie,Schoroder,cschoroderdd@photobucket.com,Male,225.149.12.96
Stanfield,Balnave,sbalnavede@home.pl,Female,7.188.166.194
Anabel,Moyes,amoyesdf@elpais.com,Male,20.92.109.33
Cherianne,Whife,cwhifedg@redcross.org,Male,119.214.37.188
Hamil,Robers,hrobersdh@pinterest.com,Female,139.106.137.177
Myrtie,Ruberti,mrubertidi@edublogs.org,Male,16.148.35.241
Tuckie,Rayman,traymandj@omniture.com,Male,11.24.176.50
Nike,Flahive,nflahivedk@i2i.jp,Female,42.109.45.5
Harper,Boydle,hboydledl@123-reg.co.uk,Male,122.101.230.96
Fran,Watman,fwatmandm@adobe.com,Male,168.22.96.120
Rolando,Coffee,rcoffeedn@naver.com,Male,65.138.62.65
Ronnie,Dahmke,rdahmkedo@wired.com,Male,255.135.3.129
Isidore,Snelman,isnelmandp@xinhuanet.com,Female,43.180.203.240
Mychal,Jukes,mjukesdq@opera.com,Female,209.143.161.72
Joleen,Swindon,jswindondr@desdev.cn,Female,201.100.28.65
Fernando,Gheorghescu,fgheorghescuds@independent.co.uk,Female,47.233.92.151
Darby,MacParlan,dmacparlandt@aol.com,Female,226.133.236.217
Zeke,Leadbetter,zleadbetterdu@mayoclinic.com,Male,125.169.154.209
Betta,Iacopo,biacopodv@istockphoto.com,Male,46.49.65.152
Ben,Tinner,btinnerdw@archive.org,Female,76.150.249.118
Stepha,ducarme,sducarmedx@theglobeandmail.com,Female,34.67.160.189
Tessi,Leishman,tleishmandy@google.nl,Male,155.216.224.144
Ninetta,Ramelet,nrameletdz@ox.ac.uk,Female,170.30.200.224
Aurore,Jarritt,ajarritte0@github.com,Female,137.239.146.158
Rolph,Skillett,rskillette1@cloudflare.com,Female,248.102.179.141
Antonin,Longland,alonglande2@slashdot.org,Female,207.101.61.163
Bunnie,Waslin,bwasline3@blogtalkradio.com,Male,170.195.124.214
Gannie,Clinton,gclintone4@linkedin.com,Female,155.156.132.46
Margo,Chong,mchonge5@blinklist.com,Female,221.232.165.122
Vittoria,Sertin,vsertine6@indiegogo.com,Male,15.104.43.226
Ediva,Bonass,ebonasse7@photobucket.com,Female,0.68.79.168
Germayne,Kuschke,gkuschkee8@webeden.co.uk,Female,76.251.231.136
Abraham,Eleshenar,aeleshenare9@forbes.com,Female,81.72.173.83
Javier,Sleford,jslefordea@cpanel.net,Female,100.126.15.223
Grissel,Taaffe,gtaaffeeb@theatlantic.com,Male,127.232.211.93
Almeta,Dove,adoveec@printfriendly.com,Female,22.7.222.14
Bria,Dovington,bdovingtoned@t.co,Female,16.54.35.140
Ned,Hiddsley,,Female,187.255.5.40
Valentine,Keener,vkeeneref@wufoo.com,Male,190.63.167.91
Walsh,Clink,wclinkeg@xing.com,Female,29.168.220.66
Giacobo,Brack,gbrackeh@e-recht24.de,Male,156.60.8.47
Adolphe,Bille,abilleei@cargocollective.com,Male,180.63.50.67
Emmi,Siuda,esiudaej@goo.gl,Female,72.27.156.246
Consuelo,Devonald,cdevonaldek@aboutads.info,Male,218.34.11.129
Austen,Catley,acatleyel@g.co,Male,129.156.119.243
Brennan,Bartlomieczak,bbartlomieczakem@umn.edu,Male,38.143.248.168
Adoree,Pepall,apepallen@tinyurl.com,Female,215.178.116.184
Merle,Cottey,mcotteyeo@earthlink.net,Male,115.78.126.146
Dido,Hamlett,dhamlettep@marketwatch.com,Female,223.184.191.1
Ricki,Olney,rolneyeq@tinyurl.com,Male,6.101.229.5
Nicolette,Issard,nissarder@miibeian.gov.cn,Female,227.146.87.140
Lynnelle,Pranger,lprangeres@webnode.com,Male,
Ursulina,Coveley,ucoveleyet@de.vu,Male,3.121.51.119
Darell,Sulter,dsultereu@cornell.edu,Male,172.31.162.213
Codie,Mearing,cmearingev@bigcartel.com,Male,145.127.127.151
Orland,Bassom,obassomew@nyu.edu,Female,144.176.179.178
Van,Noirel,vnoirelex@adobe.com,Female,77.10.236.240
Obie,Cribbin,,Female,
Gasper,Grece,ggreceez@wix.com,Female,135.59.5.1
Jillana,Lovstrom,jlovstromf0@google.com,Female,16.144.210.17
Lotte,Blanche,lblanchef1@ft.com,Female,152.219.56.231
Alta,Gainsburgh,againsburghf2@mediafire.com,Male,16.32.42.210
Kessiah,Ferneley,kferneleyf3@xinhuanet.com,Male,35.111.112.55
Gideon,Souness,gsounessf4@sourceforge.net,Female,159.128.40.133
Andros,Valiant,avaliantf5@webnode.com,Male,86.228.225.38
Del,Deddum,,Female,43.195.250.16
Marty,Ourtic,mourticf7@reverbnation.com,Female,116.101.230.189
Willamina,Verecker,wvereckerf8@canalblog.com,Male,5.129.92.83
Fielding,Marsham,fmarshamf9@instagram.com,Male,132.62.151.78
Ardys,Coolahan,acoolahanfa@senate.gov,Female,140.36.198.101
Morse,Riden,mridenfb@yahoo.co.jp,Female,233.171.42.126
Rheba,Siddons,rsiddonsfc@msu.edu,Female,
Tybalt,Mc Pake,tmcpakefd@shop-pro.jp,Male,142.3.30.223
Astrid,Ogley,aogleyfe@ucsd.edu,Male,
Zorah,Belton,zbeltonff@taobao.com,Male,231.61.252.35
Nerissa,Bartell,nbartellfg@constantcontact.com,Male,166.27.99.80
Randal,Niblock,rniblockfh@globo.com,Male,34.26.218.241
Geneva,Schuelcke,gschuelckefi@virginia.edu,Male,82.198.34.22
Tobi,Lewtey,tlewteyfj@wisc.edu,Male,112.119.57.217
Clea,Orhrt,corhrtfk@bloglines.com,Male,170.97.251.1
Lenka,Burle,lburlefl@instagram.com,Female,110.42.60.180
Gael,Corkitt,gcorkittfm@answers.com,Female,122.28.21.103
Merilyn,Breheny,mbrehenyfn@tamu.edu,Male,116.71.69.136
Shayla,Yesinin,syesininfo@newsvine.com,Female,229.231.60.99
Berkly,Gerriet,bgerrietfp@icio.us,Female,192.107.122.189
Jo-ann,Rourke,jrourkefq@linkedin.com,Female,71.64.70.213
Thebault,Ivanishev,tivanishevfr@telegraph.co.uk,Female,249.144.68.15
Gaynor,McGirr,gmcgirrfs@newyorker.com,Female,102.58.247.165
Debi,Storah,dstorahft@ftc.gov,Male,56.199.9.116
Teirtza,Ludwig,tludwigfu@360.cn,Female,65.184.203.7
Ermentrude,Cayette,ecayettefv@cbc.ca,Male,237.115.79.108
Isiahi,Galley,igalleyfw@shop-pro.jp,Male,120.149.182.12
Bettine,Fortoun,bfortounfx@istockphoto.com,Female,67.90.128.170
Malvin,Glidder,mglidderfy@imdb.com,Male,254.183.49.150
Betsey,Culmer,bculmerfz@addtoany.com,Male,151.209.189.177
Monti,Schlagtmans,mschlagtmansg0@taobao.com,Female,206.170.199.219
Kellen,Doswell,kdoswellg1@timesonline.co.uk,Male,155.10.71.94
Kylila,Elves,kelvesg2@ifeng.com,Female,60.168.191.25
Sharia,Chantree,schantreeg3@dot.gov,Female,48.67.202.159
Gilberto,Chsteney,gchsteneyg4@tumblr.com,Female,13.18.56.104
Wye,Philpin,wphilping5@lulu.com,Male,230.66.188.178
Mathian,Hollow,mhollowg6@noaa.gov,Female,8.122.251.38
Nat,Coales,ncoalesg7@army.mil,Female,132.94.109.141
Orelie,Sheehan,osheehang8@dagondesign.com,Male,222.251.168.73
Burl,Weatherill,bweatherillg9@ucoz.ru,Male,
Sacha,Tellenbrook,stellenbrookga@feedburner.com,Female,134.217.212.201
Denna,Hawk,dhawkgb@g.co,Male,71.33.7.158
Leo,Dumbelton,ldumbeltongc@marketwatch.com,Female,162.167.166.144
Adlai,Ayliff,aayliffgd@bluehost.com,Male,200.107.10.50
Griffie,Greendale,ggreendalege@howstuffworks.com,Male,73.9.73.240
Terrence,McGraith,tmcgraithgf@reference.com,Female,12.203.24.28
Ilka,Biasi,ibiasigg@wikia.com,Male,172.20.201.4
Aurelea,Biggadike,,Female,222.67.238.195
Celestia,Fairnington,cfairningtongi@xing.com,Male,107.37.181.183
Deirdre,Sitlington,dsitlingtongj@wikia.com,Male,109.248.168.166
Wilton,Jacobssen,,Female,164.108.8.215
Laina,Norville,lnorvillegl@networkadvertising.org,Female,24.188.159.251
Dell,Spellworth,dspellworthgm@surveymonkey.com,Male,143.109.54.239
Vincenty,Kroll,vkrollgn@imdb.com,Female,47.233.69.215
Whitney,Paolicchi,wpaolicchigo@gmpg.org,Male,166.98.5.245
Edward,Calwell,ecalwellgp@fc2.com,Female,45.148.8.132
Vassili,Skipping,vskippinggq@com.com,Female,59.207.232.88
Jsandye,Rennles,jrennlesgr@360.cn,Female,166.54.71.250
Isabel,Matskevich,imatskevichgs@timesonline.co.uk,Female,218.154.75.222
Bartholomew,Remon,bremongt@businessinsider.com,Female,18.203.195.216
Cortie,Christin,cchristingu@salon.com,Female,196.98.235.248
Aland,Nolda,anoldagv@vimeo.com,Female,159.132.78.254
Malinde,Zelner,mzelnergw@miibeian.gov.cn,Female,111.240.77.217
Johannah,Gotch,jgotchgx@i2i.jp,Male,168.25.190.126
Homerus,Marousek,hmarousekgy@dedecms.com,Male,93.194.155.46
Stormy,Larwell,slarwellgz@a8.net,Female,139.45.229.156
Wanda,Biggs,wbiggsh0@indiegogo.com,Male,35.233.184.95
Drusi,Ilyushkin,dilyushkinh1@parallels.com,Male,64.120.1.192
Dina,McAlinion,dmcalinionh2@utexas.edu,Male,219.28.196.210
Star,Dabourne,sdabourneh3@toplist.cz,Female,233.143.160.6
Maxy,Argrave,margraveh4@odnoklassniki.ru,Male,189.162.85.121
Kathrine,Pereira,kpereirah5@telegraph.co.uk,Male,107.88.120.79
Nappy,Burkwood,nburkwoodh6@rediff.com,Male,135.59.87.121
Alie,Oger,aogerh7@vkontakte.ru,Female,215.216.225.82
Mina,Bleazard,mbleazardh8@flavors.me,Male,45.129.24.25
Shelia,Oxbury,soxburyh9@deliciousdays.com,Male,128.91.252.202
Patton,Huller,phullerha@aboutads.info,Female,119.24.198.43
Darice,Farrear,dfarrearhb@google.nl,Female,50.6.244.10
Rosina,Copcote,rcopcotehc@example.com,Male,251.71.242.50
Dani,Stormouth,dstormouthhd@nsw.gov.au,Male,106.228.58.168
Karney,Kenneford,kkennefordhe@skype.com,Male,141.251.96.80
Felic,Liles,flileshf@eventbrite.com,Male,78.29.121.63
Daryl,Studart,dstudarthg@seattletimes.com,Male,91.249.239.25
Janos,Gregorio,jgregoriohh@fastcompany.com,Female,55.153.109.228
Emory,Endersby,eendersbyhi@elegantthemes.com,Female,
Camile,Poutress,cpoutresshj@newyorker.com,Male,116.120.56.35
Olivette,Myford,omyfordhk@over-blog.com,Male,223.65.168.170
Atlanta,Kite,akitehl@oaic.gov.au,Male,184.147.81.7
Rafael,MacAiline,rmacailinehm@google.cn,Female,227.184.237.49
Jordana,Whittier,jwhittierhn@uol.com.br,Male,89.137.65.54
Vera,Eaves,veavesho@ed.gov,Female,84.37.87.97
Giordano,Formby,gformbyhp@ihg.com,Female,66.189.115.252
Creighton,Liebmann,cliebmannhq@fotki.com,Female,173.82.127.103
Rolph,Drew,rdrewhr@mapy.cz,Male,
Maybelle,Farnin,mfarninhs@alibaba.com,Male,222.56.32.90
Cassius,Godbehere,cgodbehereht@nytimes.com,Female,100.131.75.252
Gail,Earland,gearlandhu@hubpages.com,Female,239.89.176.248
Ellen,Chadbourn,echadbournhv@oaic.gov.au,Male,7.164.120.29
Hyacintha,Boshell,hboshellhw@alibaba.com,Male,150.31.85.105
Garrick,Kinsett,gkinsetthx@tamu.edu,Male,46.112.216.112
Rabi,Andrzejak,randrzejakhy@dropbox.com,Male,152.50.124.129
Lisle,Andrioli,landriolihz@about.me,Male,176.218.211.40
Peg,Pamplin,ppamplini0@amazon.de,Male,149.205.144.83
Munmro,Bonas,mbonasi1@pagesperso-orange.fr,Female,37.130.7.133
Jorrie,Onele,jonelei2@scribd.com,Female,152.47.104.208
Iggy,Buzin,ibuzini3@howstuffworks.com,Male,21.245.183.129
William,Kinig,wkinigi4@state.tx.us,Female,194.249.130.219
Xylina,Putterill,,Male,197.237.190.87
Ewen,Eckford,eeckfordi6@desdev.cn,Female,35.180.98.103
Carline,Wardle,cwardlei7@census.gov,Female,74.125.54.174
Nicoline,Fitzsimons,nfitzsimonsi8@bravesites.com,Female,46.209.187.166
Micheil,Hulbert,mhulberti9@hhs.gov,Female,154.106.197.255
Peggy,Tomaino,ptomainoia@ustream.tv,Male,162.245.224.156
Mord,Smartman,msmartmanib@bbc.co.uk,Female,144.85.246.205
Tallulah,Dopson,tdopsonic@mapy.cz,Male,176.37.30.148
Dieter,Baulch,dbaulchid@google.nl,Female,220.131.252.153
Letizia,Dockwra,ldockwraie@census.gov,Female,239.85.166.173
Vanda,Rettie,vrettieif@123-reg.co.uk,Female,29.5.160.45
Sarene,Boggish,sboggishig@biblegateway.com,Male,118.202.101.183
Val,Belf,vbelfih@angelfire.com,Female,43.67.6.41
Pate,MacCracken,pmaccrackenii@nsw.gov.au,Female,86.128.204.124
Jakie,Kelemen,jkelemenij@ft.com,Male,211.82.168.33
Alice,Chazotte,achazotteik@csmonitor.com,Male,74.245.161.161
Pyotr,Thireau,pthireauil@nbcnews.com,Female,87.26.95.203
Lianna,Waller,lwallerim@time.com,Female,67.246.153.237
Temp,Bird,tbirdin@parallels.com,Male,235.47.234.31
Brandea,Blemen,bblemenio@nationalgeographic.com,Female,77.1.83.162
Sapphire,Curwen,scurwenip@skype.com,Male,183.147.219.26
Krystal,Kieff,kkieffiq@networkadvertising.org,Female,243.22.170.222
Vail,Farfull,vfarfullir@vistaprint.com,Male,33.129.239.66
Brooke,Crinson,bcrinsonis@geocities.com,Female,122.244.102.35
Whit,Spaldin,wspaldinit@google.com.hk,Male,84.141.221.90
Debera,Powley,,Female,27.23.42.82
Belinda,De Bellis,bdebellisiv@answers.com,Female,42.46.241.171
Alyda,Hucknall,ahucknalliw@diigo.com,Female,169.94.128.51
Aida,Scutt,ascuttix@opensource.org,Female,
Lorrie,Miroy,lmiroyiy@mediafire.com,Female,28.87.122.249
Dennie,Prantl,dprantliz@admin.ch,Male,200.47.106.155
Casandra,Lipyeat,clipyeatj0@hexun.com,Female,126.22.233.232
Winn,Marskell,wmarskellj1@ocn.ne.jp,Female,161.24.151.243
Lorelle,Bayston,lbaystonj2@tamu.edu,Female,118.229.134.29
Karine,Dannohl,kdannohlj3@techcrunch.com,Female,16.10.190.97
Chantal,Hillan,chillanj4@ftc.gov,Female,89.9.29.126
Blithe,Ashplant,bashplantj5@paginegialle.it,Male,170.175.202.12
Mick,Janousek,mjanousekj6@wufoo.com,Female,199.203.98.247
Clemmie,Hutable,chutablej7@imgur.com,Female,
Cyndie,Lawdham,clawdhamj8@vk.com,Male,92.73.244.55
Eli,Ramsell,eramsellj9@princeton.edu,Female,233.2.67.34
Evelin,McVittie,emcvittieja@cnbc.com,Female,41.237.92.222
Porty,Sealove,psealovejb@ifeng.com,Male,104.82.74.110
Jennilee,Jachimak,jjachimakjc@blog.com,Female,166.210.158.235
Marielle,Giffard,mgiffardjd@t.co,Male,67.143.98.58
Hamil,Wilacot,hwilacotje@eventbrite.com,Male,86.136.33.200
Randolph,Verrillo,rverrillojf@fema.gov,Female,59.252.14.18
Spense,Bilbee,sbilbeejg@stanford.edu,Male,156.55.0.228
Basilius,Whitehouse,bwhitehousejh@about.com,Male,170.156.167.67
Nicoline,Knights,nknightsji@soup.io,Male,186.104.59.29
Benedetta,Bedwell,bbedwelljj@cbc.ca,Female,196.87.215.44
Cyndi,Riep,criepjk@imgur.com,Female,130.236.50.226
Gael,Feechan,gfeechanjl@multiply.com,Male,5.79.197.161
Goldina,Hedon,ghedonjm@w3.org,Female,1.88.227.199
Alicea,Mogey,amogeyjn@miibeian.gov.cn,Male,188.127.22.229
Kare,Esposi,kesposijo@skyrock.com,Female,158.156.13.134
Jakob,Overstreet,joverstreetjp@spiegel.de,Male,125.121.3.32
Thomas,Evans,tevansjq@quantcast.com,Female,37.35.175.14
Margi,Bullerwell,mbullerwelljr@gravatar.com,Female,140.59.54.48
Rosamond,Vignaux,rvignauxjs@baidu.com,Female,43.76.193.63
Nathanil,Culmer,nculmerjt@about.com,Male,100.228.155.189
Joletta,Raphael,jraphaelju@yahoo.co.jp,Male,
Waldon,Ludgate,wludgatejv@army.mil,Female,122.178.148.228
Ilario,Brant,ibrantjw@google.fr,Male,136.177.178.55
Kelly,Salvati,ksalvatijx@phoca.cz,Female,37.16.172.124
Kerrie,De Domenici,,Female,225.20.99.78
Burnaby,Hatterslay,bhatterslayjz@dyndns.org,Female,181.132.242.166
Sly,Gynne,sgynnek0@ihg.com,Male,46.247.47.137
Sara-ann,Roft,sroftk1@toplist.cz,Male,3.191.160.122
Pavlov,Szwarc,,Female,211.127.248.19
Ambrosio,Leahey,aleaheyk3@ted.com,Male,40.236.121.36
Berkeley,Ccomini,bccominik4@wikia.com,Female,68.185.244.88
Norman,Bechley,nbechleyk5@acquirethisname.com,Female,148.3.74.36
Shelbi,Provis,sprovisk6@jigsy.com,Male,33.33.78.115
Tallie,Bourthouloume,tbourthouloumek7@sciencedirect.com,Male,84.105.102.98
Fanny,Wabey,fwabeyk8@gmpg.org,Female,135.112.249.139
Heida,Menier,,Female,191.16.111.159
Deloria,Di Franceshci,ddifranceshcika@microsoft.com,Female,17.2.170.130
Alexandros,Saunder,asaunderkb@virginia.edu,Male,164.143.22.176
Noam,Muddiman,,Female,95.41.242.65
Daniella,Jeyness,djeynesskd@google.cn,Female,177.225.157.238
Harriott,Waleran,hwaleranke@ehow.com,Male,149.97.112.237
Raymond,Rickets,rricketskf@china.com.cn,Male,155.129.230.159
Halie,Mays,hmayskg@aol.com,Female,152.27.229.220
Bartel,Manvelle,bmanvellekh@si.edu,Male,137.119.163.56
Kay,Moreton,kmoretonki@hao123.com,Female,224.160.174.211
Shalom,Heckney,sheckneykj@soundcloud.com,Male,35.235.113.253
Aggy,Kolak,akolakkk@indiegogo.com,Female,113.85.127.197
Sandie,Pennuzzi,spennuzzikl@wiley.com,Female,28.158.51.45
Ofelia,Dibbs,odibbskm@prnewswire.com,Female,180.229.11.217
Mandi,Stevings,mstevingskn@japanpost.jp,Female,74.12.39.87
Zaria,Mc Pake,zmcpakeko@youtube.com,Female,119.5.86.153
Meggie,Alflatt,malflattkp@hud.gov,Male,108.219.20.61
Tonnie,Curnow,tcurnowkq@telegraph.co.uk,Female,187.60.92.185
Dulsea,Sieb,dsiebkr@ebay.co.uk,Male,43.49.239.142
Hillard,Frickey,hfrickeyks@mediafire.com,Male,127.243.151.242
Aggi,Clapp,aclappkt@economist.com,Male,130.136.202.9
Lonny,Marzelle,lmarzelleku@cocolog-nifty.com,Female,208.64.48.214
Ardra,Astle,aastlekv@census.gov,Male,13.22.119.62
Farica,Moffatt,fmoffattkw@washingtonpost.com,Male,148.72.40.2
Toddie,Moles,tmoleskx@friendfeed.com,Female,57.131.228.96
Demeter,Alvaro,dalvaroky@tripod.com,Male,134.161.172.36
Emlynne,Veitch,eveitchkz@latimes.com,Male,65.225.84.194
Erina,Motion,emotionl0@exblog.jp,Male,4.31.84.254
Wallas,Reppaport,wreppaportl1@opensource.org,Female,247.136.71.173
Tobey,Furse,tfursel2@jimdo.com,Female,
Ronda,Casbolt,rcasboltl3@google.pl,Female,254.59.161.238
Sybilla,Duester,sduesterl4@rakuten.co.jp,Male,79.114.239.191
Arlee,Hollingby,ahollingbyl5@bbc.co.uk,Female,57.17.54.123
Dilan,Lampl,,Male,
Grove,Cosford,gcosfordl7@theatlantic.com,Female,194.50.79.97
Dorey,Hartly,dhartlyl8@chronoengine.com,Female,226.186.18.80
Keefe,Moncur,kmoncurl9@blogger.com,Male,97.130.236.117
Katuscha,Lantry,klantryla@phoca.cz,Male,151.199.31.234
Kissee,Stowte,kstowtelb@shutterfly.com,Female,66.141.230.166
Dela,Holstein,dholsteinlc@ocn.ne.jp,Male,131.104.160.174
Vin,Missen,vmissenld@bigcartel.com,Female,175.136.130.254
Giuseppe,Lightbown,glightbownle@networksolutions.com,Female,94.252.253.144
Dimitry,Harrinson,dharrinsonlf@ftc.gov,Female,224.154.109.34
Jolynn,Hutton,jhuttonlg@google.cn,Female,46.242.75.20
Bernette,Abramin,babraminlh@illinois.edu,Female,8.226.60.80
Catherine,Duddin,cduddinli@youtube.com,Female,217.171.209.153
Thornie,Hargey,thargeylj@biglobe.ne.jp,Male,29.79.58.175
Salomi,Baline,sbalinelk@posterous.com,Male,190.83.64.110
Imogen,Lamanby,ilamanbyll@yahoo.co.jp,Male,22.103.225.158
Nappy,Dodell,ndodelllm@goo.gl,Female,
Lotte,Kinig,lkinigln@wikimedia.org,Female,206.61.96.223
Pascale,Woolrich,pwoolrichlo@virginia.edu,Female,86.110.193.7
Gerty,Lye,glyelp@bloglines.com,Female,
Colet,Kleewein,ckleeweinlq@dedecms.com,Female,24.220.246.170
Yance,Bruneton,ybrunetonlr@arstechnica.com,Male,168.177.181.137
Mella,Cheater,mcheaterls@unicef.org,Male,190.129.114.145
Eustacia,Clayton,eclaytonlt@free.fr,Male,89.127.90.72
Saloma,McNickle,smcnicklelu@oracle.com,Female,253.34.9.94
Coleen,Krabbe,ckrabbelv@walmart.com,Female,243.205.32.192
Berny,Van Leeuwen,bvanleeuwenlw@lycos.com,Female,95.80.124.196
Sashenka,Cokely,scokelylx@unc.edu,Female,201.76.214.107
Willi,Guarin,wguarinly@cpanel.net,Female,93.131.51.249
Serge,Hewson,shewsonlz@w3.org,Male,174.114.28.47
Odele,Butner,obutnerm0@walmart.com,Female,11.73.14.25
Trish,Antony,tantonym1@addtoany.com,Female,158.153.209.255
Kassi,McGookin,kmcgookinm2@mtv.com,Male,198.19.69.130
Ilsa,Sterzaker,isterzakerm3@intel.com,Female,92.229.224.182
Kinna,Lehemann,klehemannm4@gov.uk,Male,55.201.90.26
Hinze,Patesel,hpateselm5@globo.com,Female,61.133.111.89
Thea,Muckloe,tmuckloem6@facebook.com,Male,195.107.140.182
Meghan,Leneve,mlenevem7@newyorker.com,Male,203.238.140.120
Corbett,McIlvenny,cmcilvennym8@sphinn.com,Female,245.109.229.133
Pepe,Evangelinos,pevangelinosm9@un.org,Female,225.114.14.129
Hulda,Thamelt,hthameltma@smh.com.au,Female,196.79.182.55
Cristal,Aartsen,caartsenmb@acquirethisname.com,Male,84.176.51.68
Libbie,Le land,llelandmc@globo.com,Male,47.17.37.205
Kienan,Kynaston,kkynastonmd@zimbio.com,Male,126.85.123.43
Matty,Lauret,mlauretme@list-manage.com,Female,183.247.88.78
Stormy,MacScherie,smacscheriemf@pinterest.com,Female,81.194.192.248
Avril,Holdall,aholdallmg@nasa.gov,Male,217.201.234.56
Joyann,Archibald,jarchibaldmh@odnoklassniki.ru,Female,235.209.5.216
Cody,Jenckes,cjenckesmi@mozilla.com,Female,108.200.182.70
Corena,Featley,cfeatleymj@unesco.org,Male,242.121.16.169
Pier,Matuszewski,pmatuszewskimk@trellian.com,Female,236.248.133.96
Sheree,Deshon,sdeshonml@tumblr.com,Male,48.83.65.96
Tally,Flippini,tflippinimm@etsy.com,Male,240.75.245.233
Isabeau,Thewless,ithewlessmn@wikipedia.org,Female,
Sidnee,Baudi,sbaudimo@sina.com.cn,Female,125.228.76.245
Rubina,Jerg,rjergmp@fastcompany.com,Male,40.68.117.225
Dyane,Birtonshaw,dbirtonshawmq@harvard.edu,Male,14.213.55.182
Dolley,Garside,dgarsidemr@infoseek.co.jp,Female,183.134.247.109
Xymenes,Janse,xjansems@cbsnews.com,Female,185.116.21.12
Meryl,Ivanusyev,mivanusyevmt@home.pl,Male,233.226.157.156
Isabeau,Bruin,ibruinmu@de.vu,Male,244.155.234.240
Odey,Andryushin,oandryushinmv@yandex.ru,Female,
Dosi,Zimmermanns,dzimmermannsmw@abc.net.au,Female,234.129.181.180
Millard,Melbury,mmelburymx@a8.net,Female,87.67.98.170
Yul,Bollam,ybollammy@europa.eu,Female,197.36.161.64
Lian,Penzer,lpenzermz@mozilla.com,Female,62.231.228.89
Koressa,Kennan,kkennann0@zdnet.com,Female,121.233.71.244
Dianna,Borg-Bartolo,dborgbartolon1@elpais.com,Female,136.64.153.232
Reba,Lyddiard,rlyddiardn2@sbwire.com,Female,25.56.73.172
Myrna,Gredden,mgreddenn3@sfgate.com,Female,60.133.116.157
Moria,Bazell,mbazelln4@printfriendly.com,Male,199.199.249.43
Ollie,Jaher,ojahern5@chicagotribune.com,Female,175.59.205.197
Ema,Lund,elundn6@i2i.jp,Male,9.37.214.115
Hollie,D'Almeida,hdalmeidan7@va.gov,Female,98.99.188.35
Dorice,Kincla,dkinclan8@wikipedia.org,Male,147.187.44.70
Janaya,Lamburn,jlamburnn9@youtu.be,Female,244.79.87.127
Vladamir,Gon,vgonna@arizona.edu,Female,99.54.81.11
Maiga,Culligan,mculligannb@prnewswire.com,Male,95.164.28.39
Cornelia,Kenshole,ckensholenc@usgs.gov,Male,209.198.35.116
Valma,Fawkes,vfawkesnd@tripadvisor.com,Male,243.208.59.32
Cassi,Haughey,chaugheyne@nationalgeographic.com,Male,55.103.214.174
Tybalt,Stirling,tstirlingnf@blogtalkradio.com,Male,109.80.66.238
Leslie,Paeckmeyer,lpaeckmeyerng@samsung.com,Female,71.115.120.16
Eberhard,Larwood,elarwoodnh@taobao.com,Male,171.79.32.229
Donella,Shenfisch,,Female,
Amble,Billinge,abillingenj@marketwatch.com,Female,221.16.238.245
Richmond,Padden,rpaddennk@scribd.com,Male,68.153.126.244
Zora,O'Gormley,zogormleynl@dell.com,Female,192.250.249.143
Harold,Newbold,hnewboldnm@samsung.com,Male,24.76.141.73
Charin,Russi,crussinn@hugedomains.com,Male,153.1.141.91
Gerianna,Hutchason,ghutchasonno@ocn.ne.jp,Female,163.239.67.108
Lorain,Millmore,lmillmorenp@ebay.com,Male,26.63.3.57
Galina,Ing,gingnq@drupal.org,Female,200.246.54.129
Alvinia,Hullbrook,ahullbrooknr@jigsy.com,Male,90.114.234.255
Fifi,Lenahan,flenahanns@360.cn,Female,162.49.93.141
Natala,Hixson,nhixsonnt@gnu.org,Male,
Eugen,Emmer,eemmernu@technorati.com,Female,157.33.33.4
Clio,Ravenhills,cravenhillsnv@com.com,Female,103.53.196.112
Carry,Gitthouse,cgitthousenw@cisco.com,Female,54.5.59.15
Willard,Hucker,whuckernx@etsy.com,Female,209.151.60.79
Grantham,Guard,gguardny@who.int,Male,
Ciro,Christall,cchristallnz@twitter.com,Male,153.130.179.255
Susanna,Kimbling,skimblingo0@plala.or.jp,Male,174.107.57.74
Locke,Pembery,lpemberyo1@wiley.com,Male,113.68.111.211
Rodolph,Easun,reasuno2@nps.gov,Female,95.189.148.198
Carroll,Garbert,cgarberto3@bloomberg.com,Male,27.14.252.103
Joelle,Studeart,jstudearto4@multiply.com,Male,240.49.139.18
Raquela,Sekulla,rsekullao5@state.tx.us,Male,113.116.53.7
Lavina,Ricoald,lricoaldo6@ox.ac.uk,Female,53.9.78.29
Marillin,Rodell,mrodello7@gravatar.com,Male,
Thomasina,Aiton,taitono8@gnu.org,Female,215.116.4.246
Roberta,Milmo,rmilmoo9@howstuffworks.com,Male,251.33.223.117
Klarrisa,Mac,kmacoa@printfriendly.com,Male,21.115.236.173
Lucian,Dreghorn,ldreghornob@parallels.com,Female,253.150.30.34
Brant,Winder,bwinderoc@weebly.com,Female,10.238.20.100
Jessee,Matcham,jmatchamod@earthlink.net,Male,227.139.38.12
Corella,McDarmid,cmcdarmidoe@prweb.com,Male,237.117.23.125
Modestia,Tuck,mtuckof@elpais.com,Male,
Rab,Seabrooke,rseabrookeog@google.fr,Male,72.152.17.129
Rodolph,Ourry,rourryoh@flickr.com,Male,
Alessandro,Este,aesteoi@boston.com,Male,64.119.5.25
Gretna,Wardley,gwardleyoj@nhs.uk,Female,42.35.234.76
Rena,Sheehan,rsheehanok@hostgator.com,Female,34.66.225.182
Jayme,Gallaher,jgallaherol@parallels.com,Male,64.14.48.11
Claudian,Ganing,,Female,163.39.136.192
Ambrose,Tuxwell,atuxwellon@dell.com,Female,10.160.107.240
Mariette,Pudan,mpudanoo@seesaa.net,Male,191.80.16.116
Farrell,Semeniuk,fsemeniukop@bloglovin.com,Male,164.137.218.202
Kaycee,Brashaw,kbrashawoq@de.vu,Male,29.126.25.152
Dorothee,Jiroudek,djiroudekor@mlb.com,Female,44.210.136.145
Emmalee,Heintzsch,eheintzschos@macromedia.com,Female,124.117.89.122
Martainn,Higgen,mhiggenot@gov.uk,Female,240.218.21.169
Cullie,Hapke,chapkeou@hubpages.com,Male,224.184.106.168
Keir,Jedrychowski,kjedrychowskiov@nba.com,Male,218.140.118.249
Rutherford,Kleinplac,rkleinplacow@washingtonpost.com,Female,71.8.178.136
Marion,Forten,mfortenox@joomla.org,Female,147.26.34.206
Andria,Kayser,akayseroy@yellowpages.com,Male,157.251.40.86
Justus,Jeffes,jjeffesoz@answers.com,Male,14.17.215.138
Dasya,Edmundson,dedmundsonp0@ucoz.ru,Female,19.243.255.28
Lyle,Gentry,lgentryp1@ucla.edu,Female,
Alexine,Kordes,akordesp2@guardian.co.uk,Male,159.184.23.145
Annabella,Lidell,alidellp3@typepad.com,Female,16.39.237.53
Luther,Bonsale,lbonsalep4@gravatar.com,Male,107.37.150.49
Lina,Notley,lnotleyp5@so-net.ne.jp,Male,108.6.137.161
Flossi,Treker,ftrekerp6@liveinternet.ru,Male,131.74.56.243
Karole,Dibdin,kdibdinp7@time.com,Female,158.215.32.138
Thaddeus,Mariner,tmarinerp8@privacy.gov.au,Male,6.21.31.85
Jaquelyn,Fittes,jfittesp9@scientificamerican.com,Female,60.147.44.206
Belva,Mablestone,bmablestonepa@prnewswire.com,Male,162.48.240.72
Lind,Strasse,lstrassepb@nih.gov,Male,130.185.83.81
Conchita,Selliman,csellimanpc@dot.gov,Male,87.176.222.129
Anton,Spalls,aspallspd@cam.ac.uk,Male,240.92.23.196
Broderic,Linggard,blinggardpe@devhub.com,Male,
Basilius,Lumby,blumbypf@nba.com,Female,125.83.23.56
Kassandra,Baylie,kbayliepg@rediff.com,Male,63.162.20.13
Elvis,Menzies,emenziesph@clickbank.net,Male,8.144.110.247
Raoul,Thying,rthyingpi@economist.com,Female,210.137.185.221
Sosanna,Launchbury,slaunchburypj@wp.com,Male,
Britta,Althorp,balthorppk@google.pl,Female,90.41.175.105
Lloyd,Klulik,lklulikpl@addthis.com,Female,64.182.9.150
Dian,Emmines,demminespm@squidoo.com,Male,
Foster,Outright,foutrightpn@discovery.com,Male,
Erek,Finnes,efinnespo@unc.edu,Female,114.236.56.228
Bert,Gehricke,bgehrickepp@washington.edu,Male,191.84.178.165
Lilian,Vaan,lvaanpq@tamu.edu,Female,121.129.121.211
Ringo,Samms,rsammspr@weather.com,Male,60.87.134.43
Rabbi,Bickley,rbickleyps@loc.gov,Male,48.76.153.236
Lilyan,Brierton,lbriertonpt@plala.or.jp,Female,185.207.197.71
Kelvin,Coll,kcollpu@cbc.ca,Female,159.176.201.48
Cherye,Henriquet,chenriquetpv@oakley.com,Male,219.219.208.29
Silvie,Handke,shandkepw@nymag.com,Male,99.13.242.214
Saidee,Megainey,smegaineypx@storify.com,Female,15.23.73.222
Cull,Boustead,cbousteadpy@xrea.com,Female,96.77.113.70
Jerrylee,Mattocks,jmattockspz@nba.com,Male,225.236.73.90
Hercules,Engel,hengelq0@posterous.com,Male,96.126.69.254
Skipton,Sharrock,ssharrockq1@zimbio.com,Male,254.28.140.137
Kalinda,Hillatt,,Male,95.31.45.117
Pren,Kerford,pkerfordq3@sciencedirect.com,Male,229.33.140.148
Prissie,Flindall,pflindallq4@macromedia.com,Male,230.238.90.133
Pryce,Eronie,peronieq5@unblog.fr,Male,232.184.100.38
Sheffie,Greensmith,sgreensmithq6@admin.ch,Male,97.186.80.39
Derril,Srawley,dsrawleyq7@slate.com,Male,62.13.209.206
Connie,MacComiskey,cmaccomiskeyq8@trellian.com,Male,6.135.141.80
Dom,Shoebotham,dshoebothamq9@studiopress.com,Male,172.22.67.171
Fred,Oldall,foldallqa@exblog.jp,Female,207.72.10.140
Ingrid,Osgarby,iosgarbyqb@jimdo.com,Female,24.43.30.238
Esma,Matijasevic,ematijasevicqc@weebly.com,Female,108.203.63.131
Humbert,Lincey,hlinceyqd@yale.edu,Female,105.135.20.140
Jolie,Widdup,jwiddupqe@nydailynews.com,Male,60.179.239.139
Gerda,Casaletto,gcasalettoqf@psu.edu,Female,180.119.55.252
Harrie,Cowsby,hcowsbyqg@arizona.edu,Male,78.92.250.84
Janet,Lerner,jlernerqh@sciencedaily.com,Male,172.236.167.99
Artemus,Stennet,astennetqi@booking.com,Male,64.49.51.49
Brittni,Arnhold,,Male,42.77.145.143
Patrizio,McCarly,pmccarlyqk@bluehost.com,Female,51.135.143.29
Shari,Fallowes,sfallowesql@typepad.com,Male,77.139.50.42
Danyette,Brocklehurst,dbrocklehurstqm@howstuffworks.com,Male,154.94.153.161
Ralph,Torres,rtorresqn@issuu.com,Female,138.92.9.187
Adorne,Amerighi,aamerighiqo@msu.edu,Female,164.29.51.23
Armin,Horbart,ahorbartqp@blogger.com,Male,135.8.127.184
Hildegaard,Du Hamel,hduhamelqq@shareasale.com,Male,129.10.247.152
Katee,McQuillan,kmcquillanqr@vk.com,Male,211.28.28.160
Alden,Bultitude,abultitudeqs@tinyurl.com,Female,40.139.173.165
Rogers,Ranscomb,rranscombqt@tiny.cc,Male,37.6.79.46
Trish,Toderbrugge,ttoderbruggequ@themeforest.net,Male,19.178.118.74
Arnaldo,Worlock,aworlockqv@paypal.com,Male,245.209.211.101
Cordelia,Podbury,cpodburyqw@indiatimes.com,Male,88.173.100.46
Sarah,Ivory,sivoryqx@icio.us,Female,150.79.0.241
Reed,Kitchingman,rkitchingmanqy@taobao.com,Female,240.8.225.75
Velma,Vlasyuk,vvlasyukqz@naver.com,Female,
Rochelle,Nunan,rnunanr0@umich.edu,Male,100.162.140.76
Seward,Abdy,sabdyr1@berkeley.edu,Male,145.203.7.40
Nollie,Sime,nsimer2@jugem.jp,Male,185.133.191.68
Thacher,Pollicott,tpollicottr3@mail.ru,Female,180.18.49.83
Jere,Burgoyne,jburgoyner4@bloomberg.com,Male,25.95.237.89
Aidan,Aleksashin,aaleksashinr5@fastcompany.com,Male,82.100.231.87
Rube,Duffie,rduffier6@nymag.com,Male,216.65.144.97
Emmalee,Spurier,espurierr7@istockphoto.com,Female,2.127.39.51
Lurlene,Wooder,lwooderr8@facebook.com,Female,251.83.221.16
Ernesto,Mincini,emincinir9@tumblr.com,Male,37.11.154.105
Alexandr,Staddart,astaddartra@bizjournals.com,Male,207.3.120.151
Alena,Carlisso,acarlissorb@usda.gov,Female,69.249.236.25
Wayne,Espinas,wespinasrc@ehow.com,Male,223.185.22.168
My,MacDaid,mmacdaidrd@ehow.com,Female,88.100.233.155
Leese,Membry,lmembryre@archive.org,Female,88.57.28.200
Hanni,Healks,hhealksrf@mapy.cz,Male,157.133.150.175
Petra,Stewart,pstewartrg@paginegialle.it,Female,19.145.243.189
Claire,Upjohn,cupjohnrh@hp.com,Female,
Cornela,Purkess,cpurkessri@umn.edu,Male,167.95.164.53
Prentiss,Connor,pconnorrj@fastcompany.com,Male,226.64.176.163
Keelby,Nuttall,knuttallrk@ihg.com,Female,176.226.33.225
Rycca,Earry,rearryrl@patch.com,Female,82.195.58.18
Jannel,Gillie,jgillierm@google.com,Male,
Doretta,O'Conor,doconorrn@mail.ru,Male,183.80.224.68
Kerrin,Haill,khaillro@samsung.com,Male,25.35.252.238
Anatola,Winsom,awinsomrp@cam.ac.uk,Male,214.14.247.27
Merrill,Parham,mparhamrq@gnu.org,Female,181.23.45.219
Morgen,Schwandner,mschwandnerrr@163.com,Female,165.23.8.34
